# M6 PORT LEDGER -- generated by tools/port/ledger.py; regenerate, never hand-edit rows.
# Confirm a proposal by changing `proposed` to `confirmed` in the source column and
# leaving the rest alone; the generator preserves confirmations by name.
#
# CLASS	path	lines	destination	batch	how	status
CLASS	net/window/ClientScope	92	net/window	6.8	move	in-place
CLASS	net/window/ClientWindowContext	96	net/window	6.8	move	in-place
CLASS	net/window/ClientWindows	589	net/window	6.8	move	in-place
CLASS	net/window/CloseReason	53	net/window	6.8	move	in-place
CLASS	net/window/Networked	257	net/window	6.8	move	in-place
CLASS	net/window/OpenResolver	58	net/window	6.8	move	in-place
CLASS	net/window/ScopedSheets	124	net/window	6.8	move	in-place
CLASS	net/window/ServerScope	514	net/window	6.8	move	in-place
CLASS	net/window/ServerWindow	265	net/window	6.8	move	in-place
CLASS	net/window/ServerWindows	517	net/window	6.8	move	in-place
CLASS	net/window/SheetSupply	231	net/window	6.8	move	in-place
CLASS	net/window/UiType	345	net/window	6.8	move	in-place
CLASS	net/window/ViewCommands	123	net/window	6.8	move	in-place
CLASS	net/window/WindowMount	74	net/window	6.8	move	in-place
CLASS	net/window/WindowProtocol	57	net/window	6.8	move	in-place
CLASS	ui/elements/Button	208	widget/control	6.1	copy	ported
CLASS	ui/elements/Checkbox	156	widget/control	6.1	copy	ported
CLASS	ui/elements/CheckboxGroup	58	widget/control	6.1	copy	ported
CLASS	ui/elements/ColorSelector	767	widget/form	6.2	copy	ported
CLASS	ui/elements/Dialog	605	widget/overlay	6.2	copy	ported
CLASS	ui/elements/DialogManager	144	widget/overlay	6.2	copy	ported
CLASS	ui/elements/DragGhost	248	widget/dnd	6.1	copy	ported
CLASS	ui/elements/Dropdown	212	widget/overlay	6.2	copy	ported
CLASS	ui/elements/InputDialog	178	widget/overlay	6.2	copy	ported
CLASS	ui/elements/InsertionMarker	468	widget/dnd	6.1	copy	ported
CLASS	ui/elements/MarkupView	1034	widget/text	6.1	copy	ported
CLASS	ui/elements/Menu	572	widget/overlay	6.2	copy	ported
CLASS	ui/elements/MenuItem	235	widget/overlay	6.2	copy	ported
CLASS	ui/elements/Popover	519	widget/overlay	6.2	copy	ported
CLASS	ui/elements/ProgressBar	229	widget/control	6.1	copy	ported
CLASS	ui/elements/Scroller	385	widget/scroll	6.1	copy	ported
CLASS	ui/elements/ScrollerView	307	widget/scroll	6.1	copy	ported
CLASS	ui/elements/SearchField	284	widget/form	6.2	copy	ported
CLASS	ui/elements/Slider	316	widget/control	6.1	copy	ported
CLASS	ui/elements/SplitView	877	widget/layout	6.2	copy	ported
CLASS	ui/elements/Switch	135	widget/control	6.1	copy	ported
CLASS	ui/elements/SymbolIcon	221	widget/control	6.1	copy	ported
CLASS	ui/elements/Tab	247	widget/layout	6.2	copy	ported
CLASS	ui/elements/TabView	605	widget/layout	6.2	copy	ported
CLASS	ui/elements/TextField	1240	widget/control	6.1	copy	ported
CLASS	ui/elements/Tooltip	605	widget/overlay	6.2	copy	ported
CLASS	ui/elements/UIText	1244	widget/text	6.1	copy	ported
CLASS	ui/elements/WidgetCensus	222	app	6.7	copy	ported
CLASS	ui/elements/canvas/CanvasOverlayMove	232	widget/canvas	6.4	copy	ported
CLASS	ui/elements/canvas/CanvasView	725	widget/canvas	6.4	copy	ported
CLASS	ui/elements/canvas/WorldRect	77	widget/canvas	6.4	copy	ported
CLASS	ui/elements/chrome/Breadcrumbs	166	workbench/chrome/status	6.3	copy	ported
CLASS	ui/elements/chrome/ChromeCommands	63	workbench/chrome/menu	6.3	copy	ported
CLASS	ui/elements/chrome/CommandPalette	153	workbench/chrome/palette	6.3	copy	ported
CLASS	ui/elements/chrome/ContextMenu	309	widget/overlay	6.2	copy	ported
CLASS	ui/elements/chrome/MainMenuCommands	89	workbench/chrome/menu	6.3	copy	ported
CLASS	ui/elements/chrome/MenuBarView	645	workbench/chrome/menu	6.3	copy	ported
CLASS	ui/elements/chrome/MenuBuilder	231	widget/overlay	6.2	copy	ported
CLASS	ui/elements/chrome/NavigatorView	623	workbench/chrome/preferences	6.3	copy	ported
CLASS	ui/elements/chrome/NotificationBalloons	314	workbench/chrome/notification	6.3	copy	ported
CLASS	ui/elements/chrome/NotificationCard	217	workbench/chrome/notification	6.3	copy	ported
CLASS	ui/elements/chrome/NotificationsView	200	workbench/chrome/notification	6.3	copy	ported
CLASS	ui/elements/chrome/PageStack	149	widget/layout	6.2	copy	ported
CLASS	ui/elements/chrome/Preferences	288	workbench/chrome/preferences	6.3	copy	ported
CLASS	ui/elements/chrome/ProblemsCommands	84	workbench/chrome/problems	6.3	copy	ported
CLASS	ui/elements/chrome/ProblemsPanel	932	workbench/chrome/problems	6.3	copy	ported
CLASS	ui/elements/chrome/ProcessesPopover	214	workbench/chrome/status	6.3	copy	ported
CLASS	ui/elements/chrome/ProgressStatusItem	215	workbench/chrome/status	6.3	copy	ported
CLASS	ui/elements/chrome/QuickPick	795	workbench/chrome/palette	6.3	copy	ported
CLASS	ui/elements/chrome/StatusBarView	427	workbench/chrome/status	6.3	copy	ported
CLASS	ui/elements/config/ConfigControl	243	widget/config	6.2	copy	ported
CLASS	ui/elements/config/ConfigControlContracts	93	widget/config	6.2	copy	ported
CLASS	ui/elements/config/ConfigControls	83	widget/config	6.2	copy	ported
CLASS	ui/elements/config/Configurator	82	widget/config	6.2	copy	ported
CLASS	ui/elements/config/ConfiguratorGroup	125	widget/config	6.2	copy	ported
CLASS	ui/elements/config/ConfiguratorPanel	195	widget/config	6.2	copy	ported
CLASS	ui/elements/config/SettingsConfigurator	173	widget/config	6.2	copy	ported
CLASS	ui/elements/config/ValueControl	85	widget/config	6.2	copy	ported
CLASS	ui/elements/config/control/ArrayControl	155	widget/config/control	6.2	copy	ported
CLASS	ui/elements/config/control/AssetControl	80	widget/config/control	6.2	copy	ported
CLASS	ui/elements/config/control/BooleanControl	54	widget/config/control	6.2	copy	ported
CLASS	ui/elements/config/control/ColorControl	151	widget/config/control	6.2	copy	ported
CLASS	ui/elements/config/control/HeaderControl	55	widget/config/control	6.2	copy	ported
CLASS	ui/elements/config/control/InfoControl	69	widget/config/control	6.2	copy	ported
CLASS	ui/elements/config/control/MaskControl	159	widget/config/control	6.2	copy	ported
CLASS	ui/elements/config/control/MatrixControl	109	widget/config/control	6.2	copy	ported
CLASS	ui/elements/config/control/NumberControl	295	widget/config/control	6.2	copy	ported
CLASS	ui/elements/config/control/SelectControl	68	widget/config/control	6.2	copy	ported
CLASS	ui/elements/config/control/SliderControl	92	widget/config/control	6.2	copy	ported
CLASS	ui/elements/config/control/TextControl	87	widget/config/control	6.2	copy	ported
CLASS	ui/elements/config/control/VectorControl	123	widget/config/control	6.2	copy	ported
CLASS	ui/elements/desktop/Desktop	1360	desktop	6.6	copy	ported
CLASS	ui/elements/desktop/DesktopCommands	158	desktop	6.6	copy	ported
CLASS	ui/elements/desktop/DesktopSession	245	desktop	6.6	copy	ported
CLASS	ui/elements/desktop/ScreenOverlay	156	desktop/host	6.6	copy	ported
CLASS	ui/elements/desktop/SnapZones	257	desktop/window	6.6	copy	ported
CLASS	ui/elements/desktop/SystemMenu	251	desktop/window	6.6	copy	ported
CLASS	ui/elements/desktop/Taskbar	567	desktop/taskbar	6.6	copy	ported
CLASS	ui/elements/desktop/TaskbarDesigner	586	desktop/taskbar	6.6	copy	ported
CLASS	ui/elements/desktop/TaskbarEntryMotion	268	desktop/taskbar	6.6	copy	ported
CLASS	ui/elements/desktop/TaskbarPreviews	540	desktop/taskbar	6.6	copy	ported
CLASS	ui/elements/desktop/WindowAnimation	291	desktop/motion	6.6	copy	ported
CLASS	ui/elements/desktop/WindowAnimator	515	desktop/motion	6.6	copy	ported
CLASS	ui/elements/desktop/WindowChrome	55	desktop/window	6.6	copy	ported
CLASS	ui/elements/desktop/WindowCommands	284	desktop/window	6.6	copy	ported
CLASS	ui/elements/desktop/WindowFrame	2426	desktop/window	6.6	copy	ported
CLASS	ui/elements/desktop/WindowGeometryAnimation	156	desktop/motion	6.6	copy	ported
CLASS	ui/elements/desktop/WindowIcon	164	desktop/window	6.1	copy	ported
CLASS	ui/elements/desktop/WindowKeyboardMove	183	desktop/window	6.6	copy	ported
CLASS	ui/elements/desktop/WindowMotion	21	desktop/motion	6.6	copy	ported
CLASS	ui/elements/desktop/WindowMove	411	desktop/window	6.6	copy	ported
CLASS	ui/elements/desktop/WindowPreview	236	desktop/taskbar	6.6	copy	ported
CLASS	ui/elements/desktop/WindowRegistry	214	desktop/window	6.6	copy	ported
CLASS	ui/elements/desktop/WindowSnapshot	210	desktop/window	6.6	copy	ported
CLASS	ui/elements/desktop/WindowSwitcher	628	desktop/switcher	6.6	copy	ported
CLASS	ui/elements/desktop/WindowThumbnail	337	desktop/taskbar	6.6	copy	ported
CLASS	ui/elements/dock/DockArea	1192	workbench/dock	6.7	copy	ported
CLASS	ui/elements/dock/DockBannerBar	56	workbench/dock/banner	6.7	copy	ported
CLASS	ui/elements/dock/DockBannerProvider	43	workbench/dock/banner	6.7	copy	ported
CLASS	ui/elements/dock/DockBanners	49	workbench/dock/banner	6.7	copy	ported
CLASS	ui/elements/dock/DockBranch	104	workbench/dock/layout	6.7	copy	ported
CLASS	ui/elements/dock/DockCommands	208	workbench/dock	6.7	copy	ported
CLASS	ui/elements/dock/DockDragPayload	61	workbench/dock/drag	6.7	copy	ported
CLASS	ui/elements/dock/DockDropZone	46	workbench/dock/drag	6.7	copy	ported
CLASS	ui/elements/dock/DockDropZones	159	workbench/dock/drag	6.7	copy	ported
CLASS	ui/elements/dock/DockGroup	863	workbench/dock	6.7	copy	ported
CLASS	ui/elements/dock/DockInput	103	workbench/dock/panel	6.7	copy	ported
CLASS	ui/elements/dock/DockLayout	521	workbench/dock/layout	6.7	copy	ported
CLASS	ui/elements/dock/DockLayoutCodec	213	workbench/dock/layout	6.7	copy	ported
CLASS	ui/elements/dock/DockLeaf	182	workbench/dock/layout	6.7	copy	ported
CLASS	ui/elements/dock/DockNode	101	workbench/dock/layout	6.7	copy	ported
CLASS	ui/elements/dock/DockOpenOptions	60	workbench/dock/panel	6.7	copy	ported
CLASS	ui/elements/dock/DockOrientation	21	workbench/dock/layout	6.7	copy	ported
CLASS	ui/elements/dock/DockPane	66	workbench/dock/panel	6.7	copy	ported
CLASS	ui/elements/dock/DockPaneProvider	23	workbench/dock/panel	6.7	copy	ported
CLASS	ui/elements/dock/DockPanelDescriptor	202	workbench/dock/panel	6.7	copy	ported
CLASS	ui/elements/dock/DockPanelKind	50	workbench/dock/panel	6.7	copy	ported
CLASS	ui/elements/dock/DockPanelRef	119	workbench/dock/layout	6.7	copy	ported
CLASS	ui/elements/dock/DockPanelRegistry	368	workbench/dock/panel	6.7	copy	ported
CLASS	ui/elements/dock/DockPath	131	workbench/dock/layout	6.7	copy	ported
CLASS	ui/elements/dock/DockPlacement	141	workbench/dock/drag	6.7	copy	ported
CLASS	ui/elements/dock/DockRegion	74	workbench/region	6.7	copy	ported
CLASS	ui/elements/dock/DockWindow	199	workbench/dock	6.7	copy	ported
CLASS	ui/elements/dock/RegionSide	58	workbench/region	6.7	copy	ported
CLASS	ui/elements/dock/ViewId	84	workbench/view	6.7	copy	ported
CLASS	ui/elements/editor/CompletionPopup	897	widget/texteditor/suggest	6.5	copy	ported
CLASS	ui/elements/editor/CompletionRanking	174	widget/texteditor/suggest	6.5	copy	ported
CLASS	ui/elements/editor/CompletionSession	521	widget/texteditor/suggest	6.5	copy	ported
CLASS	ui/elements/editor/CurrentLinePart	76	widget/texteditor/part	6.5	copy	ported
CLASS	ui/elements/editor/DecorationPool	121	widget/texteditor/part	6.5	copy	ported
CLASS	ui/elements/editor/DiagnosticActions	95	widget/texteditor/lang	6.5	copy	ported
CLASS	ui/elements/editor/DiffBandsPart	134	widget/texteditor/part	6.5	copy	ported
CLASS	ui/elements/editor/DiffChevronPart	135	widget/texteditor/part	6.5	copy	ported
CLASS	ui/elements/editor/DiffDecorations	113	widget/texteditor/diff	6.5	copy	ported
CLASS	ui/elements/editor/DocumentationPopup	1516	widget/texteditor/doc	6.5	copy	ported
CLASS	ui/elements/editor/EditorCommands	534	widget/texteditor	6.5	copy	ported
CLASS	ui/elements/editor/EditorDiagnostics	221	widget/texteditor/lang	6.5	copy	ported
CLASS	ui/elements/editor/EditorFind	312	widget/texteditor/find	6.5	copy	ported
CLASS	ui/elements/editor/EditorFolding	374	widget/texteditor/fold	6.5	copy	ported
CLASS	ui/elements/editor/EditorLanguageFeatures	514	widget/texteditor/lang	6.5	copy	ported
CLASS	ui/elements/editor/EditorSuggest	250	widget/texteditor/suggest	6.5	copy	ported
CLASS	ui/elements/editor/EditorViewPart	109	widget/texteditor/part	6.5	copy	ported
CLASS	ui/elements/editor/ErrorStripePart	269	widget/texteditor/part	6.5	copy	ported
CLASS	ui/elements/editor/FoldingDecorationsPart	306	widget/texteditor/part	6.5	copy	ported
CLASS	ui/elements/editor/GutterEdgePart	60	widget/texteditor/part	6.5	copy	ported
CLASS	ui/elements/editor/HoverDocumentation	281	widget/texteditor/doc	6.5	copy	ported
CLASS	ui/elements/editor/IndentGuidesPart	132	widget/texteditor/part	6.5	copy	ported
CLASS	ui/elements/editor/InspectionWidgetPart	220	widget/texteditor/part	6.5	copy	ported
CLASS	ui/elements/editor/LineNumbersPart	135	widget/texteditor/part	6.5	copy	ported
CLASS	ui/elements/editor/QuickFixBulbPart	182	widget/texteditor/part	6.5	copy	ported
CLASS	ui/elements/editor/RulersPart	55	widget/texteditor/part	6.5	copy	ported
CLASS	ui/elements/editor/SearchReplaceBar	685	widget/texteditor/find	6.5	copy	ported
CLASS	ui/elements/editor/SelectionsPart	124	widget/texteditor/part	6.5	copy	ported
CLASS	ui/elements/editor/SquigglesPart	176	widget/texteditor/part	6.5	copy	ported
CLASS	ui/elements/editor/TextEditor	6166	widget/texteditor	6.5	copy	ported
CLASS	ui/elements/editor/ViewCursorsPart	163	widget/texteditor/part	6.5	copy	ported
CLASS	ui/elements/editor/WhitespacePart	93	widget/texteditor/part	6.5	copy	ported
CLASS	ui/elements/editor/ZoomIndicatorPart	181	widget/texteditor/part	6.5	copy	ported
CLASS	ui/elements/graph/GraphCommands	275	widget/graph	6.4	copy	ported
CLASS	ui/elements/graph/GraphConnection	30	widget/graph	6.4	copy	ported
CLASS	ui/elements/graph/GraphNode	634	widget/graph	6.4	copy	ported
CLASS	ui/elements/graph/GraphSelection	198	widget/graph	6.4	copy	ported
CLASS	ui/elements/graph/GraphView	1758	widget/graph	6.4	copy	ported
CLASS	ui/elements/graph/NodeCreationMenu	639	widget/graph/node	6.4	copy	ported
CLASS	ui/elements/graph/NodeFieldBinder	241	widget/graph/node	6.4	copy	ported
CLASS	ui/elements/graph/NodeFieldWidgets	191	widget/graph/node	6.4	copy	ported
CLASS	ui/elements/graph/NodePort	487	widget/graph	6.4	copy	ported
CLASS	ui/elements/graph/NodeWidgetFactory	144	widget/graph	6.4	copy	ported
CLASS	ui/elements/graph/NodeWireLayer	285	widget/graph	6.4	copy	ported
CLASS	ui/elements/graph/PortDefaultEditor	395	widget/graph	6.4	copy	ported
CLASS	ui/elements/inspector/Inspector	448	widget/config/inspector	6.2	copy	ported
CLASS	ui/elements/inspector/InspectorForm	129	widget/config/inspector	6.2	copy	ported
CLASS	ui/elements/inspector/InspectorRegistry	75	widget/config/inspector	6.2	copy	ported
CLASS	ui/elements/inspector/InspectorSection	92	widget/config/inspector	6.2	copy	ported
CLASS	ui/elements/list/ListRenderer	74	widget/collection/list	6.3	copy	ported
CLASS	ui/elements/list/ListView	1411	widget/collection/list	6.3	copy	ported
CLASS	ui/elements/table/TableCellRenderer	18	widget/collection/table	6.3	copy	ported
CLASS	ui/elements/table/TableColumn	156	widget/collection/table	6.3	copy	ported
CLASS	ui/elements/table/TableView	522	widget/collection/table	6.3	copy	ported
CLASS	ui/elements/tree/TreeRenderer	41	widget/collection/tree	6.3	copy	ported
CLASS	ui/elements/tree/TreeSearch	1145	widget/collection/tree	6.3	copy	ported
CLASS	ui/elements/tree/TreeView	451	widget/collection/tree	6.3	copy	ported
CLASS	ui/elements/workbench/ConflictDialog	167	workbench/diff	6.7	copy	ported
CLASS	ui/elements/workbench/DiffView	303	workbench/diff	6.7	copy	ported
CLASS	ui/elements/workbench/DocumentType	101	document	6.7	copy	ported
CLASS	ui/elements/workbench/DocumentViewState	48	document	6.7	copy	ported
CLASS	ui/elements/workbench/ExplorerClipboard	95	workbench/explorer	6.7	copy	ported
CLASS	ui/elements/workbench/ExplorerCommands	578	workbench/explorer	6.7	copy	ported
CLASS	ui/elements/workbench/ExplorerDragAndDrop	195	workbench/explorer	6.7	copy	ported
CLASS	ui/elements/workbench/ExplorerEditing	247	workbench/explorer	6.7	copy	ported
CLASS	ui/elements/workbench/ExplorerFind	140	workbench/explorer	6.7	copy	ported
CLASS	ui/elements/workbench/FileDocument	178	document	6.7	copy	ported
CLASS	ui/elements/workbench/FilesRenderer	300	workbench/explorer	6.7	copy	ported
CLASS	ui/elements/workbench/GoToFile	352	workbench/search	6.7	copy	ported
CLASS	ui/elements/workbench/HeaderContributor	30	workbench/view	6.7	copy	ported
CLASS	ui/elements/workbench/MergeView	531	workbench/diff	6.7	copy	ported
CLASS	ui/elements/workbench/OpenDocuments	266	document	6.7	copy	ported
CLASS	ui/elements/workbench/ProjectFileTree	837	workbench/explorer	6.7	copy	ported
CLASS	ui/elements/workbench/ProjectIndex	382	workbench/search	6.7	copy	ported
CLASS	ui/elements/workbench/QueryLocation	115	workbench/search	6.7	copy	ported
CLASS	ui/elements/workbench/RecentFiles	94	document	6.7	copy	ported
CLASS	ui/elements/workbench/RegionDropOverlay	367	workbench/region	6.7	copy	ported
CLASS	ui/elements/workbench/RegionDropZones	193	workbench/region	6.7	copy	ported
CLASS	ui/elements/workbench/RegionHost	213	workbench/region	6.7	copy	ported
CLASS	ui/elements/workbench/SplitFill	76	workbench/region	6.7	copy	ported
CLASS	ui/elements/workbench/StripeRail	63	workbench/stripe	6.7	copy	ported
CLASS	ui/elements/workbench/StripeView	962	workbench/stripe	6.7	copy	ported
CLASS	ui/elements/workbench/ToolWindowFrame	258	workbench/toolwindow	6.7	copy	ported
CLASS	ui/elements/workbench/ToolWindowLayout	212	workbench/toolwindow	6.7	copy	ported
CLASS	ui/elements/workbench/ToolWindowManager	650	workbench/toolwindow	6.7	copy	ported
CLASS	ui/elements/workbench/ToolWindowState	266	workbench/toolwindow	6.7	copy	ported
CLASS	ui/elements/workbench/ToolWindowType	81	workbench/toolwindow	6.7	copy	ported
CLASS	ui/elements/workbench/ViewContainer	245	workbench/view	6.7	copy	ported
CLASS	ui/elements/workbench/ViewContainerRegistry	151	workbench/view	6.7	copy	ported
CLASS	ui/elements/workbench/Workbench	3212	workbench	6.7	copy	ported
CLASS	ui/elements/workbench/WorkbenchMenus	137	workbench	6.7	copy	ported
CLASS	ui/elements/workbench/WorkbenchRegions	270	workbench/region	6.7	copy	ported
CLASS	ui/elements/workbench/WorkbenchSession	749	workbench	6.7	copy	ported
CLASS	ui/elements/workbench/WorkbenchSettings	313	workbench	6.7	copy	ported
CLASS	ui/elements/workbench/WorkspaceTreeSource	861	workbench/explorer	6.7	copy	ported
CLASS	ui/elements/workbench/decoration/DiagnosticDecorations	102	workbench/decoration	6.7	copy	ported
CLASS	ui/elements/workbench/decoration/FileDecoration	70	workbench/decoration	6.7	copy	ported
CLASS	ui/elements/workbench/decoration/FileDecorationProvider	41	workbench/decoration	6.7	copy	ported
CLASS	ui/elements/workbench/decoration/FileDecorations	136	workbench/decoration	6.7	copy	ported
CLASS	ui/elements/workbench/document/TextFileDocument	272	document	6.7	copy	ported
CLASS	ui/text/HighlightRegistry	117	ui/text	stays	move	in-place
CLASS	ui/text/SyntaxHighlighting	283	widget/text	6.5	copy	ported
CLASS	ui/text/TextRange	44	ui/text	stays	move	in-place
CLASS	language/run/view/MappingCommands	174	language/run/view	6.7	move	in-place
CLASS	language/run/view/RunConsoleView	646	language/run/view	6.7	move	in-place
CLASS	language/run/view/RunDecorations	124	language/run/view	6.7	move	in-place
CLASS	language/run/view/RunIndicators	114	language/run/view	6.7	move	in-place
CLASS	language/run/view/RunPanel	1076	language/run/view	6.7	move	in-place
CLASS	language/run/view/RunPanels	254	language/run/view	6.7	move	in-place
CLASS	language/run/view/RunRail	353	language/run/view	6.7	move	in-place
CLASS	language/run/view/ScriptWorkbench	567	language/run/view	6.7	move	in-place
CLASS	language/run/view/TailFollow	127	language/run/view	6.7	move	in-place
#
# PART	owner	name	kind	uses	source	why
PART	(unowned)	error	A	1	proposed	leaf in every rule
PART	(unowned)	markup-h1	A	1	proposed	leaf in every rule
PART	(unowned)	markup-h2	A	1	proposed	leaf in every rule
PART	(unowned)	markup-h3	A	1	proposed	leaf in every rule
PART	(unowned)	markup-h4	A	1	proposed	leaf in every rule
PART	(unowned)	markup-h5	A	1	proposed	leaf in every rule
PART	(unowned)	markup-h6	A	1	proposed	leaf in every rule
PART	(unowned)	region-auxiliary	A	1	proposed	leaf in every rule
PART	(unowned)	region-panel	A	1	proposed	leaf in every rule
PART	(unowned)	region-sidebar	A	1	proposed	leaf in every rule
PART	(unowned)	resizer-bottom	A	3	proposed	leaf in every rule
PART	(unowned)	resizer-bottom-left	A	3	proposed	leaf in every rule
PART	(unowned)	resizer-bottom-right	A	4	proposed	leaf in every rule
PART	(unowned)	resizer-left	A	3	proposed	leaf in every rule
PART	(unowned)	resizer-right	A	3	proposed	leaf in every rule
PART	(unowned)	resizer-top	A	3	proposed	leaf in every rule
PART	(unowned)	resizer-top-left	A	3	proposed	leaf in every rule
PART	(unowned)	resizer-top-right	A	3	proposed	leaf in every rule
PART	(unowned)	tile-1	A	2	proposed	leaf in every rule
PART	(unowned)	tile-2	A	2	proposed	leaf in every rule
PART	(unowned)	tile-3	A	2	proposed	leaf in every rule
PART	(unowned)	tile-4	A	2	proposed	leaf in every rule
PART	(unowned)	tile-5	A	2	proposed	leaf in every rule
PART	(unowned)	tile-6	A	2	proposed	leaf in every rule
PART	(unowned)	warning	A	1	proposed	leaf in every rule
PART	ArrayControl	add	B	2	confirmed	leaf in every rule, scoped by an ancestor in 2
PART	ArrayControl	array	B	10	confirmed	a rule selects through it (9)
PART	ArrayControl	body	B	2	confirmed	leaf in every rule, scoped by an ancestor in 2
PART	ArrayControl	empty	C	3	confirmed	state adjective
PART	ArrayControl	entry	B	2	confirmed	a rule selects through it (1)
PART	ArrayControl	foot	B	2	confirmed	a rule selects through it (1)
PART	ArrayControl	head	B	2	confirmed	a rule selects through it (1)
PART	ArrayControl	remove	B	0	confirmed	leaf in every rule
PART	AssetControl	asset	B	3	confirmed	a rule selects through it (2)
PART	AssetControl	browse	B	1	confirmed	leaf in every rule, scoped by an ancestor in 1
PART	AssetControl	field	B	1	confirmed	leaf in every rule, scoped by an ancestor in 1
PART	BlackboardPanel	active	C	4	confirmed	state adjective
PART	BlackboardPanel	add	B	2	confirmed	leaf in every rule, scoped by an ancestor in 2
PART	BlackboardPanel	blackboard	B	25	confirmed	a rule selects through it (22)
PART	BlackboardPanel	body	B	1	confirmed	leaf in every rule, scoped by an ancestor in 1
PART	BlackboardPanel	drop-line	B	3	confirmed	leaf in every rule, scoped by an ancestor in 3
PART	BlackboardPanel	empty	C	4	confirmed	state adjective
PART	BlackboardPanel	head	B	4	confirmed	a rule selects through it (2)
PART	BlackboardPanel	subtitle	B	2	confirmed	leaf in every rule, scoped by an ancestor in 2
PART	BlackboardPanel	title	B	5	confirmed	leaf in every rule, scoped by an ancestor in 5
PART	BlackboardPanel	titles	B	5	confirmed	a rule selects through it (4)
PART	BooleanControl	boolean	B	12	confirmed	a rule selects through it (11)
PART	Breadcrumbs	crumb	B	0	confirmed	leaf in every rule
PART	Breadcrumbs	crumb-current	B	0	confirmed	leaf in every rule
PART	Breadcrumbs	crumb-icon	B	0	confirmed	leaf in every rule
PART	Breadcrumbs	crumb-sep	B	0	confirmed	leaf in every rule
PART	Button	post-icon	A	0	confirmed	leaf in every rule
PART	Button	pre-icon	A	0	confirmed	leaf in every rule
PART	Button	underlay	A	0	confirmed	leaf in every rule
PART	CanvasView	content	B	0	confirmed	leaf in every rule
PART	CanvasView	panning	C	2	confirmed	state adjective
PART	CategoryHeader	arrow	B	4	confirmed	leaf in every rule, scoped by an ancestor in 4
PART	CategoryHeader	category	B	0	confirmed	leaf in every rule
PART	CategoryHeader	collapsed	C	4	confirmed	state adjective
PART	CategoryHeader	name	B	3	confirmed	leaf in every rule, scoped by an ancestor in 3
PART	Checkbox	mark	A	0	confirmed	leaf in every rule
PART	ColorControl	alpha-bar	B	1	confirmed	leaf in every rule, scoped by an ancestor in 1
PART	ColorControl	alpha-fill	B	1	confirmed	leaf in every rule, scoped by an ancestor in 1
PART	ColorControl	color	B	4	confirmed	a rule selects through it (4)
PART	ColorControl	color-bar	B	1	confirmed	leaf in every rule, scoped by an ancestor in 1
PART	ColorControl	picker	B	1	confirmed	leaf in every rule
PART	ColorControl	swatch	B	4	confirmed	leaf in every rule, scoped by an ancestor in 4
PART	ColorSelector	channel-row	A	0	confirmed	leaf in every rule
PART	ColorSelector	channels	A	0	confirmed	leaf in every rule
PART	ColorSelector	hex-row	A	0	confirmed	leaf in every rule
PART	ColorSelector	left	B	2	confirmed	a rule selects through it (2)
PART	ColorSelector	ring	A	0	confirmed	leaf in every rule
PART	ColorSelector	ring-handle	A	0	confirmed	leaf in every rule
PART	ColorSelector	side	A	0	confirmed	leaf in every rule
PART	ColorSelector	square	A	0	confirmed	leaf in every rule
PART	ColorSelector	square-handle	A	0	confirmed	leaf in every rule
PART	ColorSelector	swatch-new	A	2	confirmed	leaf in every rule, scoped by an ancestor in 2
PART	ColorSelector	swatch-original	A	1	confirmed	leaf in every rule, scoped by an ancestor in 1
PART	ColorSelector	swatches	A	0	confirmed	leaf in every rule
PART	ColorSelector	wheel	A	0	confirmed	leaf in every rule
PART	CompletionPopup	completion	B	0	confirmed	leaf in every rule
PART	CompletionPopup	completion-deprecated	B	2	confirmed	a rule selects through it (2)
PART	CompletionPopup	completion-detail	B	1	confirmed	leaf in every rule
PART	CompletionPopup	completion-hint	B	1	confirmed	leaf in every rule
PART	CompletionPopup	completion-hint-text	B	1	confirmed	leaf in every rule
PART	CompletionPopup	completion-icon	B	4	confirmed	leaf in every rule
PART	CompletionPopup	completion-inherited	B	1	confirmed	a rule selects through it (1)
PART	CompletionPopup	completion-label	B	3	confirmed	leaf in every rule, scoped by an ancestor in 2
PART	CompletionPopup	completion-mark-final	B	2	confirmed	leaf in every rule
PART	CompletionPopup	completion-mark-static	B	2	confirmed	leaf in every rule
PART	CompletionPopup	completion-options	B	2	confirmed	leaf in every rule
PART	CompletionPopup	completion-params	B	2	confirmed	leaf in every rule, scoped by an ancestor in 1
PART	CompletionPopup	completion-row	B	2	confirmed	leaf in every rule
PART	ConfigControl	config-control	B	75	confirmed	a rule selects through it (65)
PART	Configurator	configurator	B	6	confirmed	a rule selects through it (5)
PART	Configurator	inline	C	4	confirmed	state adjective
PART	Configurator	label	B	5	confirmed	leaf in every rule, scoped by an ancestor in 5
PART	ConfiguratorGroup	arrow	B	2	confirmed	leaf in every rule, scoped by an ancestor in 2
PART	ConfiguratorGroup	collapsed	C	4	confirmed	state adjective
PART	ConfiguratorGroup	configurator-group	B	14	confirmed	a rule selects through it (13)
PART	ConfiguratorGroup	content	B	7	confirmed	a rule selects through it (5)
PART	ConfiguratorGroup	head	B	6	confirmed	a rule selects through it (3)
PART	ConfiguratorGroup	title	B	3	confirmed	leaf in every rule, scoped by an ancestor in 3
PART	ConfiguratorPanel	configurator-panel	B	1	confirmed	leaf in every rule
PART	ConflictDialog	conflict	B	4	confirmed	a rule selects through it (3)
PART	ConflictDialog	conflict-actions	A	1	confirmed	leaf in every rule, scoped by an ancestor in 1
PART	ConflictDialog	conflict-message	A	1	confirmed	leaf in every rule, scoped by an ancestor in 1
PART	ConflictDialog	conflict-who	A	1	confirmed	leaf in every rule, scoped by an ancestor in 1
PART	CrystalEditor	content	A	0	confirmed	leaf in every rule
PART	CrystalEditor	editor-content	A	0	confirmed	leaf in every rule
PART	Desktop	live	C	1	confirmed	state adjective
PART	Desktop	snap-preview	B	1	confirmed	leaf in every rule
PART	Desktop	windows	B	0	confirmed	leaf in every rule
PART	Dialog	backdrop	B	0	confirmed	leaf in every rule
PART	Dialog	close	B	7	confirmed	a rule selects through it (1)
PART	Dialog	content	B	0	confirmed	leaf in every rule
PART	Dialog	label	B	4	confirmed	leaf in every rule, scoped by an ancestor in 4
PART	Dialog	open	C	1	confirmed	state adjective
PART	Dialog	pulse	C	1	confirmed	leaf in every rule
PART	Dialog	title-bar	B	0	confirmed	leaf in every rule
PART	DiffView	diff	B	8	confirmed	a rule selects through it (7)
PART	DiffView	diff-actions	A	1	confirmed	leaf in every rule, scoped by an ancestor in 1
PART	DiffView	diff-editor	A	1	confirmed	leaf in every rule, scoped by an ancestor in 1
PART	DiffView	diff-pane	A	1	confirmed	leaf in every rule, scoped by an ancestor in 1
PART	DiffView	diff-pane-title	A	1	confirmed	leaf in every rule, scoped by an ancestor in 1
PART	DiffView	diff-panes	B	4	confirmed	a rule selects through it (3)
PART	DiffView	diff-status	A	1	confirmed	leaf in every rule, scoped by an ancestor in 1
PART	DiffView	diff-toolbar	A	1	confirmed	leaf in every rule, scoped by an ancestor in 1
PART	DockArea	dock-dragging	C	0	confirmed	state adjective
PART	DockArea	tab-ghost	B	5	confirmed	a rule selects through it (2)
PART	DockBannerBar	action	A	1	confirmed	leaf in every rule, scoped by an ancestor in 1
PART	DockBannerBar	dock-banner	B	6	confirmed	a rule selects through it (2)
PART	DockBannerBar	message	A	1	confirmed	leaf in every rule, scoped by an ancestor in 1
PART	DockGroup	active	C	3	confirmed	state adjective
PART	DockGroup	dock-bannered	C	1	confirmed	state adjective
PART	DockGroup	drop-overlay	A	0	confirmed	leaf in every rule
PART	DockGroup	empty	C	2	confirmed	state adjective
PART	DockGroup	missing	C	0	confirmed	state adjective
PART	DockGroup	pane-host	A	0	confirmed	leaf in every rule
PART	DockWindow	dock-window	B	1	confirmed	a rule selects through it (1)
PART	DocumentationPopup	doc-body	B	0	confirmed	leaf in every rule
PART	DocumentationPopup	doc-definition	B	0	confirmed	leaf in every rule
PART	DocumentationPopup	doc-definition-box	B	0	confirmed	leaf in every rule
PART	DocumentationPopup	doc-footer	B	0	confirmed	leaf in every rule
PART	DocumentationPopup	doc-footer-edit	B	0	confirmed	leaf in every rule
PART	DocumentationPopup	doc-footer-icon	B	0	confirmed	leaf in every rule
PART	DocumentationPopup	doc-footer-text	B	0	confirmed	leaf in every rule
PART	DocumentationPopup	doc-owner	B	0	confirmed	leaf in every rule
PART	DocumentationPopup	doc-owner-icon	B	0	confirmed	leaf in every rule
PART	DocumentationPopup	doc-owner-text	B	0	confirmed	leaf in every rule
PART	DocumentationPopup	doc-problem	B	1	confirmed	leaf in every rule, scoped by an ancestor in 1
PART	DocumentationPopup	doc-problem-action	B	0	confirmed	leaf in every rule
PART	DocumentationPopup	doc-problem-actions	B	0	confirmed	leaf in every rule
PART	DocumentationPopup	doc-problem-message	B	0	confirmed	leaf in every rule
PART	DocumentationPopup	doc-problem-shortcut	B	0	confirmed	leaf in every rule
PART	DocumentationPopup	doc-scroll	B	0	confirmed	leaf in every rule
PART	DocumentationPopup	doc-separator	B	0	confirmed	leaf in every rule
PART	DocumentationPopup	documentation	B	0	confirmed	leaf in every rule
PART	DocumentationPopup	no-message	C	0	confirmed	state adjective
PART	DocumentationPopup	pinned	C	1	confirmed	state adjective
PART	DocumentationPopup	problem-only	C	2	confirmed	state adjective
PART	DragGhost	drag-ghost	B	14	confirmed	a rule selects through it (6)
PART	DragGhost	flipped	C	2	confirmed	state adjective
PART	DragGhost	label	A	4	confirmed	leaf in every rule, scoped by an ancestor in 4
PART	DragGhost	pre-icon	A	2	confirmed	leaf in every rule, scoped by an ancestor in 2
PART	DragGhost	unlabelled	C	2	confirmed	state adjective
PART	Dropdown	chevron	A	0	confirmed	leaf in every rule
PART	Dropdown	menu	A	0	confirmed	leaf in every rule
PART	EditorFind	editor-find	B	4	confirmed	a rule selects through it (3)
PART	ErrorStripePart	error-stripe	B	1	confirmed	leaf in every rule
PART	ErrorStripePart	error-stripe-error	B	1	confirmed	leaf in every rule
PART	ErrorStripePart	error-stripe-information	B	1	confirmed	leaf in every rule
PART	ErrorStripePart	error-stripe-warning	B	1	confirmed	leaf in every rule
PART	GraphNode	collapse	B	1	confirmed	leaf in every rule, scoped by an ancestor in 1
PART	GraphNode	collapsed	C	4	confirmed	state adjective
PART	GraphNode	control-row	B	0	confirmed	leaf in every rule
PART	GraphNode	controls	B	1	confirmed	a rule selects through it (1)
PART	GraphNode	empty-collapsed	C	0	confirmed	state adjective
PART	GraphNode	full-width	C	1	confirmed	state adjective
PART	GraphNode	inputs	B	0	confirmed	leaf in every rule
PART	GraphNode	moving	C	0	confirmed	state adjective
PART	GraphNode	no-input-gap	C	0	confirmed	state adjective
PART	GraphNode	no-inputs	C	0	confirmed	state adjective
PART	GraphNode	no-outputs	C	0	confirmed	state adjective
PART	GraphNode	outputs	B	0	confirmed	leaf in every rule
PART	GraphNode	ports	B	0	confirmed	leaf in every rule
PART	GraphNode	ports-empty	C	0	confirmed	state adjective
PART	GraphNode	preview	B	0	confirmed	leaf in every rule
PART	GraphNode	title	B	1	confirmed	leaf in every rule, scoped by an ancestor in 1
PART	GraphNode	title-bar	B	0	confirmed	leaf in every rule
PART	GraphView	marquee	B	0	confirmed	leaf in every rule
PART	HeaderControl	header	B	2	confirmed	a rule selects through it (1)
PART	HeaderControl	title	B	1	confirmed	leaf in every rule, scoped by an ancestor in 1
PART	InfoControl	info	B	2	confirmed	a rule selects through it (1)
PART	InfoControl	value	B	1	confirmed	leaf in every rule, scoped by an ancestor in 1
PART	InputDialog	placing	C	3	confirmed	state adjective
PART	InputDialog	prompt	B	4	confirmed	a rule selects through it (2)
PART	InputDialog	prompt-caption	B	1	confirmed	leaf in every rule, scoped by an ancestor in 1
PART	InsertionMarker	insertion	A	1	confirmed	leaf in every rule
PART	InspectionWidgetPart	inspection	B	1	confirmed	leaf in every rule
PART	InspectionWidgetPart	inspection-clean	B	2	confirmed	a rule selects through it (2)
PART	InspectionWidgetPart	inspection-count	B	7	confirmed	a rule selects through it (6)
PART	InspectionWidgetPart	inspection-errors	B	0	confirmed	leaf in every rule
PART	InspectionWidgetPart	inspection-icon	B	4	confirmed	leaf in every rule, scoped by an ancestor in 3
PART	InspectionWidgetPart	inspection-next	B	5	confirmed	leaf in every rule, scoped by an ancestor in 1
PART	InspectionWidgetPart	inspection-number	B	4	confirmed	leaf in every rule, scoped by an ancestor in 3
PART	InspectionWidgetPart	inspection-ok	B	1	confirmed	leaf in every rule
PART	InspectionWidgetPart	inspection-previous	B	5	confirmed	leaf in every rule, scoped by an ancestor in 1
PART	InspectionWidgetPart	inspection-warnings	B	0	confirmed	leaf in every rule
PART	Inspector	inspector	B	1	confirmed	leaf in every rule
PART	Inspector	inspector-empty	B	0	confirmed	leaf in every rule
PART	Inspector	inspector-scroll	B	1	confirmed	leaf in every rule
PART	ListView	focused	C	1	confirmed	state adjective
PART	ListView	h-scroll	B	0	confirmed	leaf in every rule
PART	ListView	row	B	0	confirmed	leaf in every rule
PART	ListView	selected	C	8	confirmed	state adjective
PART	MainPreviewPanel	head	B	3	confirmed	a rule selects through it (1)
PART	MainPreviewPanel	main-preview	B	8	confirmed	a rule selects through it (6)
PART	MainPreviewPanel	orbiting	B	1	confirmed	a rule selects through it (1)
PART	MainPreviewPanel	surface	B	3	confirmed	leaf in every rule, scoped by an ancestor in 3
PART	MainPreviewPanel	title	B	3	confirmed	leaf in every rule, scoped by an ancestor in 3
PART	MarkupView	markup-bullet	B	0	confirmed	leaf in every rule
PART	MarkupView	markup-caption	B	0	confirmed	leaf in every rule
PART	MarkupView	markup-cell	B	0	confirmed	leaf in every rule
PART	MarkupView	markup-code	B	0	confirmed	leaf in every rule
PART	MarkupView	markup-definition	B	0	confirmed	leaf in every rule
PART	MarkupView	markup-definitions	B	0	confirmed	leaf in every rule
PART	MarkupView	markup-detail	B	0	confirmed	leaf in every rule
PART	MarkupView	markup-header-cell	B	0	confirmed	leaf in every rule
PART	MarkupView	markup-heading	B	0	confirmed	leaf in every rule
PART	MarkupView	markup-item	B	0	confirmed	leaf in every rule
PART	MarkupView	markup-item-body	B	0	confirmed	leaf in every rule
PART	MarkupView	markup-link-hover	C	0	confirmed	leaf in every rule
PART	MarkupView	markup-list	B	0	confirmed	leaf in every rule
PART	MarkupView	markup-paragraph	B	0	confirmed	leaf in every rule
PART	MarkupView	markup-quote	B	0	confirmed	leaf in every rule
PART	MarkupView	markup-quote-rule	B	0	confirmed	leaf in every rule
PART	MarkupView	markup-row	B	0	confirmed	leaf in every rule
PART	MarkupView	markup-table	B	0	confirmed	leaf in every rule
PART	MarkupView	markup-term	B	0	confirmed	leaf in every rule
PART	MaskControl	chevron	B	0	confirmed	leaf in every rule
PART	MaskControl	mask	B	10	confirmed	a rule selects through it (10)
PART	MaskControl	mask-panel	B	1	confirmed	a rule selects through it (1)
PART	MaskControl	mask-row	B	9	confirmed	a rule selects through it (4)
PART	MaskControl	toggle	B	1	confirmed	leaf in every rule, scoped by an ancestor in 1
PART	MatrixControl	matrix	B	3	confirmed	a rule selects through it (2)
PART	MatrixControl	matrix-cell	B	1	confirmed	leaf in every rule, scoped by an ancestor in 1
PART	MatrixControl	matrix-row	B	1	confirmed	leaf in every rule, scoped by an ancestor in 1
PART	Menu	has-checkable	C	7	confirmed	state adjective
PART	Menu	items	A	0	confirmed	leaf in every rule
PART	Menu	separator	A	0	confirmed	leaf in every rule
PART	MenuBarView	burger	B	2	confirmed	leaf in every rule, scoped by an ancestor in 2
PART	MenuBarView	burger-bar	B	1	confirmed	leaf in every rule, scoped by an ancestor in 1
PART	MenuBarView	collapsed	C	4	confirmed	state adjective
PART	MenuBarView	menu-bar	B	9	confirmed	a rule selects through it (7)
PART	MenuBarView	menu-title	B	4	confirmed	a rule selects through it (1)
PART	MenuBarView	open	C	2	confirmed	state adjective
PART	MenuItem	accelerator	A	0	confirmed	leaf in every rule
PART	MenuItem	checkable	A	0	confirmed	leaf in every rule
PART	MenuItem	has-submenu	C	1	confirmed	state adjective
PART	MenuItem	mark	A	1	confirmed	leaf in every rule, scoped by an ancestor in 1
PART	MenuItem	submenu-arrow	A	0	confirmed	leaf in every rule
PART	MergeView	dialog-actions	A	1	confirmed	leaf in every rule
PART	MergeView	merge	B	8	confirmed	a rule selects through it (7)
PART	MergeView	merge-actions	A	1	confirmed	leaf in every rule, scoped by an ancestor in 1
PART	MergeView	merge-editor	A	1	confirmed	leaf in every rule, scoped by an ancestor in 1
PART	MergeView	merge-pane	A	1	confirmed	leaf in every rule, scoped by an ancestor in 1
PART	MergeView	merge-pane-title	A	1	confirmed	leaf in every rule, scoped by an ancestor in 1
PART	MergeView	merge-panes	B	4	confirmed	a rule selects through it (3)
PART	MergeView	merge-status	A	1	confirmed	leaf in every rule, scoped by an ancestor in 1
PART	MergeView	merge-toolbar	A	1	confirmed	leaf in every rule, scoped by an ancestor in 1
PART	NavigatorView	nav-arrow	B	2	confirmed	leaf in every rule, scoped by an ancestor in 2
PART	NavigatorView	nav-back	B	0	confirmed	leaf in every rule
PART	NavigatorView	nav-detail	B	0	confirmed	leaf in every rule
PART	NavigatorView	nav-forward	B	0	confirmed	leaf in every rule
PART	NavigatorView	nav-header	B	0	confirmed	leaf in every rule
PART	NavigatorView	nav-label	B	0	confirmed	leaf in every rule
PART	NavigatorView	nav-node	B	0	confirmed	leaf in every rule
PART	NavigatorView	nav-search	B	0	confirmed	leaf in every rule
PART	NavigatorView	nav-sidebar	B	0	confirmed	leaf in every rule
PART	NodeCreationMenu	category	B	0	confirmed	leaf in every rule
PART	NodeCreationMenu	category-segment	B	1	confirmed	leaf in every rule, scoped by an ancestor in 1
PART	NodeCreationMenu	category-separator	B	1	confirmed	leaf in every rule, scoped by an ancestor in 1
PART	NodeCreationMenu	empty	C	2	confirmed	state adjective
PART	NodeCreationMenu	entry	B	0	confirmed	leaf in every rule
PART	NodeCreationMenu	entry-category	B	1	confirmed	leaf in every rule, scoped by an ancestor in 1
PART	NodeCreationMenu	items	B	0	confirmed	leaf in every rule
PART	NodeCreationMenu	label	B	3	confirmed	leaf in every rule, scoped by an ancestor in 3
PART	NodeCreationMenu	search	B	0	confirmed	leaf in every rule
PART	NodeCreationMenu	title	B	1	confirmed	leaf in every rule, scoped by an ancestor in 1
PART	NodeCreationMenu	title-bar	B	0	confirmed	leaf in every rule
PART	NodeCreationMenu	twisty	B	1	confirmed	leaf in every rule, scoped by an ancestor in 1
PART	NodePort	dot	B	0	confirmed	leaf in every rule
PART	NodePort	dot-core	B	0	confirmed	leaf in every rule
PART	NodePort	editor	B	0	confirmed	leaf in every rule
PART	NodePort	editor-dot	B	0	confirmed	leaf in every rule
PART	NodePort	editor-dot-core	B	0	confirmed	leaf in every rule
PART	NodePort	editor-dot-ring	B	0	confirmed	leaf in every rule
PART	NodePort	editor-label	B	1	confirmed	leaf in every rule, scoped by an ancestor in 1
PART	NodePort	input	B	2	confirmed	leaf in every rule
PART	NodePort	label	B	1	confirmed	leaf in every rule, scoped by an ancestor in 1
PART	NodePort	output	B	3	confirmed	a rule selects through it (1)
PART	NodeWidgetFactory	unknown-type	C	0	confirmed	state adjective
PART	NodeWireLayer	wire-layer	B	0	confirmed	leaf in every rule
PART	NotificationBalloons	balloon	B	3	confirmed	leaf in every rule, scoped by an ancestor in 3
PART	NotificationBalloons	balloons	B	6	confirmed	a rule selects through it (5)
PART	NotificationBalloons	hidden	C	1	confirmed	state adjective
PART	NotificationsView	action	B	4	confirmed	leaf in every rule, scoped by an ancestor in 4
PART	NotificationsView	action-secondary	B	2	confirmed	leaf in every rule, scoped by an ancestor in 2
PART	NotificationsView	actions	B	1	confirmed	leaf in every rule, scoped by an ancestor in 1
PART	NotificationsView	clear	B	0	confirmed	leaf in every rule
PART	NotificationsView	close	B	2	confirmed	leaf in every rule, scoped by an ancestor in 2
PART	NotificationsView	detail	B	1	confirmed	leaf in every rule, scoped by an ancestor in 1
PART	NotificationsView	entry-head	B	1	confirmed	leaf in every rule, scoped by an ancestor in 1
PART	NotificationsView	head	B	0	confirmed	leaf in every rule
PART	NotificationsView	message	B	2	confirmed	leaf in every rule, scoped by an ancestor in 2
PART	NotificationsView	notification	B	17	confirmed	a rule selects through it (15)
PART	NotificationsView	notification-list	B	0	confirmed	leaf in every rule
PART	NotificationsView	notifications	B	0	confirmed	leaf in every rule
PART	NotificationsView	notifications-empty	B	0	confirmed	leaf in every rule
PART	NotificationsView	severity	B	4	confirmed	leaf in every rule, scoped by an ancestor in 4
PART	NotificationsView	time	B	1	confirmed	leaf in every rule, scoped by an ancestor in 1
PART	NotificationsView	title	B	3	confirmed	leaf in every rule, scoped by an ancestor in 3
PART	NumberControl	number	B	2	confirmed	a rule selects through it (1)
PART	NumberControl	scrub-handle	B	1	confirmed	leaf in every rule
PART	NumberControl	scrubbing	C	0	confirmed	leaf in every rule
PART	PageStack	page	B	0	confirmed	leaf in every rule
PART	PageStack	page-placeholder	B	0	confirmed	leaf in every rule
PART	Popover	open	C	1	confirmed	state adjective
PART	Preferences	preferences	B	4	confirmed	a rule selects through it (2)
PART	Preferences	preferences-panel	B	0	confirmed	leaf in every rule
PART	ProblemsPanel	content	B	1	confirmed	leaf in every rule, scoped by an ancestor in 1
PART	ProblemsPanel	dropdown-gutter	B	2	confirmed	leaf in every rule, scoped by an ancestor in 2
PART	ProblemsPanel	line	B	2	confirmed	leaf in every rule, scoped by an ancestor in 2
PART	ProblemsPanel	message	B	4	confirmed	leaf in every rule, scoped by an ancestor in 4
PART	ProblemsPanel	problem	B	1	confirmed	a rule selects through it (1)
PART	ProblemsPanel	problem-count	B	1	confirmed	leaf in every rule, scoped by an ancestor in 1
PART	ProblemsPanel	problem-file	B	0	confirmed	leaf in every rule
PART	ProblemsPanel	problem-list	B	0	confirmed	leaf in every rule
PART	ProblemsPanel	problem-tab	B	6	confirmed	a rule selects through it (2)
PART	ProblemsPanel	problem-tabs	B	1	confirmed	leaf in every rule
PART	ProblemsPanel	problems	B	0	confirmed	leaf in every rule
PART	ProblemsPanel	problems-body	B	0	confirmed	leaf in every rule
PART	ProblemsPanel	problems-empty	B	0	confirmed	leaf in every rule
PART	ProblemsPanel	problems-head	B	0	confirmed	leaf in every rule
PART	ProblemsPanel	selected	C	7	confirmed	state adjective
PART	ProblemsPanel	severity	B	4	confirmed	leaf in every rule, scoped by an ancestor in 4
PART	ProblemsPanel	tab-count	B	2	confirmed	leaf in every rule, scoped by an ancestor in 2
PART	ProblemsPanel	twisty	B	4	confirmed	leaf in every rule, scoped by an ancestor in 4
PART	ProblemsPanel	view-options	B	0	confirmed	leaf in every rule
PART	ProcessesPopover	cancel	B	3	confirmed	leaf in every rule, scoped by an ancestor in 3
PART	ProcessesPopover	cancelling	B	2	confirmed	a rule selects through it (2)
PART	ProcessesPopover	detail	B	1	confirmed	leaf in every rule, scoped by an ancestor in 1
PART	ProcessesPopover	hide	B	2	confirmed	leaf in every rule, scoped by an ancestor in 2
PART	ProcessesPopover	label	B	2	confirmed	leaf in every rule, scoped by an ancestor in 2
PART	ProcessesPopover	process-row	B	8	confirmed	a rule selects through it (7)
PART	ProcessesPopover	processes	B	12	confirmed	a rule selects through it (11)
PART	ProcessesPopover	title	B	1	confirmed	leaf in every rule, scoped by an ancestor in 1
PART	ProgressBar	fill	A	0	confirmed	leaf in every rule
PART	ProgressBar	indeterminate	A	0	confirmed	leaf in every rule
PART	ProgressStatusItem	cancel	B	3	confirmed	leaf in every rule, scoped by an ancestor in 3
PART	ProgressStatusItem	count	B	1	confirmed	leaf in every rule, scoped by an ancestor in 1
PART	ProgressStatusItem	label	B	1	confirmed	leaf in every rule, scoped by an ancestor in 1
PART	ProgressStatusItem	progress-item	B	7	confirmed	a rule selects through it (5)
PART	ProjectFileTree	badge	A	4	confirmed	leaf in every rule, scoped by an ancestor in 4
PART	ProjectFileTree	content	A	0	confirmed	leaf in every rule
PART	ProjectFileTree	drop-target	A	0	confirmed	leaf in every rule
PART	ProjectFileTree	editing	C	0	confirmed	state adjective
PART	ProjectFileTree	pre-icon	A	1	confirmed	leaf in every rule, scoped by an ancestor in 1
PART	ProjectFileTree	project-row	B	1	confirmed	a rule selects through it (1)
PART	ProjectFileTree	project-tree	A	0	confirmed	leaf in every rule
PART	ProjectFileTree	row-editor	A	0	confirmed	leaf in every rule
PART	ProjectFileTree	tree-content	A	0	confirmed	leaf in every rule
PART	ProjectFileTree	twisty	A	4	confirmed	leaf in every rule, scoped by an ancestor in 4
PART	PropertyPill	capsule	B	6	confirmed	leaf in every rule, scoped by an ancestor in 6
PART	PropertyPill	dot	B	2	confirmed	leaf in every rule, scoped by an ancestor in 2
PART	PropertyPill	ghost	B	1	confirmed	leaf in every rule, scoped by an ancestor in 1
PART	PropertyPill	name	B	2	confirmed	leaf in every rule, scoped by an ancestor in 2
PART	PropertyPill	property-pill	B	16	confirmed	a rule selects through it (15)
PART	PropertyPill	rename	B	1	confirmed	leaf in every rule, scoped by an ancestor in 1
PART	PropertyPill	renaming	B	2	confirmed	a rule selects through it (2)
PART	PropertyPill	selected	C	7	confirmed	state adjective
PART	PropertyPill	type	B	3	confirmed	leaf in every rule, scoped by an ancestor in 3
PART	QuickFixBulbPart	quick-fix-bulb	B	0	confirmed	leaf in every rule
PART	QuickPick	content	B	0	confirmed	leaf in every rule
PART	QuickPick	qp-accelerator	B	0	confirmed	leaf in every rule
PART	QuickPick	qp-category	B	0	confirmed	leaf in every rule
PART	QuickPick	qp-description	B	0	confirmed	leaf in every rule
PART	QuickPick	qp-disabled	B	0	confirmed	leaf in every rule
PART	QuickPick	qp-empty	B	0	confirmed	leaf in every rule
PART	QuickPick	qp-file-icon	B	0	confirmed	leaf in every rule
PART	QuickPick	qp-header	B	0	confirmed	leaf in every rule
PART	QuickPick	qp-header-spacer	B	0	confirmed	leaf in every rule
PART	QuickPick	qp-icon	B	0	confirmed	leaf in every rule
PART	QuickPick	qp-key	B	0	confirmed	leaf in every rule
PART	QuickPick	qp-key-sep	B	0	confirmed	leaf in every rule
PART	QuickPick	qp-label	B	0	confirmed	leaf in every rule
PART	QuickPick	qp-spacer	B	0	confirmed	leaf in every rule
PART	QuickPick	qp-title	B	0	confirmed	leaf in every rule
PART	QuickPick	qp-truncated	B	0	confirmed	leaf in every rule
PART	QuickPick	results	B	0	confirmed	leaf in every rule
PART	QuickPick	search	B	0	confirmed	leaf in every rule
PART	RegionDropOverlay	region-drop-overlay	A	1	confirmed	leaf in every rule
PART	RegionDropOverlay	region-drop-preview	A	1	confirmed	leaf in every rule
PART	RegionHost	region-half	A	2	confirmed	leaf in every rule
PART	RegionHost	region-host	A	2	confirmed	leaf in every rule
PART	RegionHost	region-primary	A	0	confirmed	leaf in every rule
PART	RegionHost	region-secondary	A	0	confirmed	leaf in every rule
PART	RegionHost	region-split	A	1	confirmed	leaf in every rule
PART	Resizer	resizer	A	1	proposed	leaf in every rule
PART	RunConsoleView	over-link	A	0	proposed	leaf in every rule
PART	RunConsoleView	run-console	A	0	proposed	leaf in every rule
PART	RunIndicators	running	A	0	proposed	leaf in every rule
PART	RunPanel	on	C	2	proposed	state adjective
PART	RunPanel	run-action	A	0	proposed	leaf in every rule
PART	RunPanel	run-bar	A	0	proposed	leaf in every rule
PART	RunPanel	run-body	A	0	proposed	leaf in every rule
PART	RunPanel	run-clear	A	0	proposed	leaf in every rule
PART	RunPanel	run-empty	A	0	proposed	leaf in every rule
PART	RunPanel	run-empty-head	A	0	proposed	leaf in every rule
PART	RunPanel	run-empty-line	A	0	proposed	leaf in every rule
PART	RunPanel	run-empty-lines	A	0	proposed	leaf in every rule
PART	RunPanel	run-end	A	0	proposed	leaf in every rule
PART	RunPanel	run-input	A	0	proposed	leaf in every rule
PART	RunPanel	run-left	A	0	proposed	leaf in every rule
PART	RunPanel	run-notice	A	0	proposed	leaf in every rule
PART	RunPanel	run-rerun	A	0	proposed	leaf in every rule
PART	RunPanel	run-sep	A	0	proposed	leaf in every rule
PART	RunPanel	run-stop	A	0	proposed	leaf in every rule
PART	RunPanel	run-stripe	A	0	proposed	leaf in every rule
PART	RunPanel	run-wrap	A	0	proposed	leaf in every rule
PART	RunRail	run-rail	A	0	proposed	leaf in every rule
PART	RunRail	run-rail-glyph	A	10	proposed	leaf in every rule, scoped by an ancestor in 10
PART	RunRail	run-rail-name	A	1	proposed	leaf in every rule, scoped by an ancestor in 1
PART	RunRail	run-rail-time	A	1	proposed	leaf in every rule, scoped by an ancestor in 1
PART	Scroller	head	A	1	confirmed	leaf in every rule, scoped by an ancestor in 1
PART	Scroller	tail	A	1	confirmed	leaf in every rule, scoped by an ancestor in 1
PART	Scroller	thumb	A	2	confirmed	leaf in every rule, scoped by an ancestor in 2
PART	Scroller	track	A	0	confirmed	leaf in every rule
PART	Scroller	vertical	C	12	confirmed	state adjective
PART	ScrollerView	corner	A	0	confirmed	leaf in every rule
PART	ScrollerView	h-scroller	A	1	confirmed	leaf in every rule
PART	ScrollerView	v-scroller	A	1	confirmed	leaf in every rule
PART	SearchField	clear	A	2	confirmed	leaf in every rule, scoped by an ancestor in 2
PART	SearchField	field	A	2	confirmed	leaf in every rule, scoped by an ancestor in 2
PART	SearchField	focused	C	1	confirmed	state adjective
PART	SearchField	icon	A	1	confirmed	leaf in every rule, scoped by an ancestor in 1
PART	SearchField	not-found	B	2	confirmed	a rule selects through it (1)
PART	SearchField	on	C	2	confirmed	state adjective
PART	SearchField	options	A	1	confirmed	leaf in every rule, scoped by an ancestor in 1
PART	SearchField	search-field	B	14	confirmed	a rule selects through it (6)
PART	SearchField	search-option	A	4	confirmed	leaf in every rule
PART	SearchReplaceBar	expanded	C	1	confirmed	state adjective
PART	SearchReplaceBar	find-action	B	6	confirmed	a rule selects through it (2)
PART	SearchReplaceBar	find-bar	B	32	confirmed	a rule selects through it (31)
PART	SearchReplaceBar	find-chevron	B	3	confirmed	leaf in every rule, scoped by an ancestor in 3
PART	SearchReplaceBar	find-close	B	2	confirmed	leaf in every rule, scoped by an ancestor in 2
PART	SearchReplaceBar	find-count	B	2	confirmed	leaf in every rule, scoped by an ancestor in 2
PART	SearchReplaceBar	find-input	B	1	confirmed	leaf in every rule, scoped by an ancestor in 1
PART	SearchReplaceBar	find-next	B	5	confirmed	leaf in every rule, scoped by an ancestor in 5
PART	SearchReplaceBar	find-prev	B	5	confirmed	leaf in every rule, scoped by an ancestor in 5
PART	SearchReplaceBar	find-row	B	1	confirmed	leaf in every rule, scoped by an ancestor in 1
PART	SearchReplaceBar	find-rows	B	1	confirmed	leaf in every rule, scoped by an ancestor in 1
PART	SearchReplaceBar	find-trailing	B	1	confirmed	leaf in every rule, scoped by an ancestor in 1
PART	SearchReplaceBar	off	C	2	confirmed	state adjective
PART	SearchReplaceBar	option-match-case	B	1	confirmed	leaf in every rule
PART	SearchReplaceBar	option-preserve-case	B	1	confirmed	leaf in every rule
PART	SearchReplaceBar	option-regex	B	1	confirmed	leaf in every rule
PART	SearchReplaceBar	option-words	B	1	confirmed	leaf in every rule
PART	SelectControl	select	B	2	confirmed	a rule selects through it (1)
PART	ShaderGraphEditor	content	A	0	confirmed	leaf in every rule
PART	ShaderGraphEditor	shader-content	A	0	confirmed	leaf in every rule
PART	ShaderGraphEditor	shader-graph	A	0	confirmed	leaf in every rule
PART	ShaderGraphEditor	shader-source	A	1	confirmed	leaf in every rule
PART	ShaderNodePreview	preview-image	B	0	confirmed	leaf in every rule
PART	ShaderPropertyNodes	exposed-dot	B	1	confirmed	leaf in every rule, scoped by an ancestor in 1
PART	ShaderPropertyNodes	property-linked	B	4	confirmed	leaf in every rule
PART	ShaderPropertyNodes	property-node	B	20	confirmed	a rule selects through it (14)
PART	Slider	fill	A	0	confirmed	leaf in every rule
PART	Slider	spacer	A	0	confirmed	leaf in every rule
PART	Slider	thumb	A	0	confirmed	leaf in every rule
PART	SliderControl	slider	B	6	confirmed	a rule selects through it (5)
PART	SplitView	divider	B	6	confirmed	leaf in every rule, scoped by an ancestor in 6
PART	SplitView	dragging	C	2	confirmed	state adjective
PART	SplitView	first	B	0	confirmed	state adjective
PART	SplitView	second	B	0	confirmed	state adjective
PART	SplitView	split-pane	B	0	confirmed	leaf in every rule
PART	SplitView	vertical	C	12	confirmed	state adjective
PART	SquigglesPart	squiggle	B	1	confirmed	leaf in every rule
PART	SquigglesPart	squiggle-error	B	1	confirmed	leaf in every rule
PART	SquigglesPart	squiggle-information	B	1	confirmed	leaf in every rule
PART	SquigglesPart	squiggle-warning	B	1	confirmed	leaf in every rule
PART	StatusBarView	clickable	B	2	confirmed	leaf in every rule, scoped by an ancestor in 2
PART	StatusBarView	first	C	0	confirmed	state adjective
PART	StatusBarView	left	B	2	confirmed	a rule selects through it (2)
PART	StatusBarView	right	B	2	confirmed	a rule selects through it (2)
PART	StatusBarView	spacer	B	0	confirmed	leaf in every rule
PART	StatusBarView	status-bar	B	6	confirmed	a rule selects through it (6)
PART	StatusBarView	status-item	B	4	confirmed	leaf in every rule, scoped by an ancestor in 4
PART	StatusBarView	status-sep	B	0	confirmed	leaf in every rule
PART	StripeView	activity-bar	B	7	confirmed	a rule selects through it (7)
PART	StripeView	activity-item	A	3	confirmed	leaf in every rule, scoped by an ancestor in 3
PART	StripeView	badge	A	3	confirmed	leaf in every rule, scoped by an ancestor in 3
PART	StripeView	dot	A	4	confirmed	leaf in every rule, scoped by an ancestor in 4
PART	StripeView	panel-focused	C	0	confirmed	state adjective
PART	StripeView	stripe-left	A	0	confirmed	leaf in every rule
PART	StripeView	stripe-right	A	0	confirmed	leaf in every rule
PART	StripeView	stripe-separator	A	1	confirmed	leaf in every rule, scoped by an ancestor in 1
PART	StripeView	stripe-spacer	A	1	confirmed	leaf in every rule, scoped by an ancestor in 1
PART	SvgGradient	tag	A	0	proposed	leaf in every rule
PART	SvgResolver	tag	A	0	proposed	leaf in every rule
PART	Switch	knob	A	0	confirmed	leaf in every rule
PART	Switch	spacer	A	0	confirmed	leaf in every rule
PART	SymbolIcon	completion-icon	A	4	confirmed	leaf in every rule
PART	SymbolIcon	completion-mark-final	A	2	confirmed	leaf in every rule
PART	SymbolIcon	completion-mark-static	A	2	confirmed	leaf in every rule
PART	SystemMenu	jump-list	B	2	confirmed	leaf in every rule
PART	SystemMenu	rising	C	1	confirmed	state adjective
PART	Tab	close	A	0	confirmed	leaf in every rule
PART	Tab	pane	B	0	confirmed	leaf in every rule
PART	TabView	bottom	C	0	confirmed	leaf in every rule
PART	TabView	empty	C	2	confirmed	state adjective
PART	TabView	left	C	2	confirmed	a rule selects through it (2)
PART	TabView	panes	B	0	confirmed	leaf in every rule
PART	TabView	rail	B	6	confirmed	leaf in every rule, scoped by an ancestor in 6
PART	TabView	right	C	2	confirmed	a rule selects through it (2)
PART	TabView	strip	B	1	confirmed	leaf in every rule, scoped by an ancestor in 1
PART	TabView	strip-bar	B	3	confirmed	leaf in every rule, scoped by an ancestor in 3
PART	TabView	top	C	0	confirmed	leaf in every rule
PART	TableView	cell	B	0	confirmed	leaf in every rule
PART	TableView	divider	B	0	confirmed	leaf in every rule
PART	TableView	header	B	2	confirmed	a rule selects through it (1)
PART	TableView	header-cell	B	0	confirmed	leaf in every rule
PART	TableView	sorted-asc	C	0	confirmed	state adjective
PART	TableView	sorted-desc	C	0	confirmed	state adjective
PART	Taskbar	active	C	3	confirmed	state adjective
PART	Taskbar	animating	C	0	confirmed	state adjective
PART	Taskbar	attention	C	0	confirmed	state adjective
PART	Taskbar	badge	B	1	confirmed	leaf in every rule, scoped by an ancestor in 1
PART	Taskbar	busy	C	0	confirmed	state adjective
PART	Taskbar	edge	B	0	confirmed	leaf in every rule
PART	Taskbar	entries	B	0	confirmed	leaf in every rule
PART	Taskbar	entry	B	0	confirmed	leaf in every rule
PART	Taskbar	exiting	C	0	confirmed	state adjective
PART	Taskbar	glow	B	0	confirmed	leaf in every rule
PART	Taskbar	hidden	C	0	confirmed	state adjective
PART	Taskbar	icon	B	0	confirmed	leaf in every rule
PART	Taskbar	indicator	B	1	confirmed	leaf in every rule, scoped by an ancestor in 1
PART	Taskbar	progress	B	1	confirmed	leaf in every rule, scoped by an ancestor in 1
PART	TaskbarDesigner	designer	B	1	confirmed	leaf in every rule, scoped by an ancestor in 1
PART	TaskbarDesigner	designer-actions	B	1	confirmed	leaf in every rule
PART	TaskbarDesigner	designer-body	B	1	confirmed	leaf in every rule
PART	TaskbarDesigner	designer-heading	B	2	confirmed	leaf in every rule
PART	TaskbarDesigner	designer-label	B	3	confirmed	leaf in every rule
PART	TaskbarDesigner	designer-note	B	2	confirmed	leaf in every rule
PART	TaskbarDesigner	designer-readout	B	1	confirmed	leaf in every rule
PART	TaskbarDesigner	designer-row	B	1	confirmed	leaf in every rule
PART	TaskbarDesigner	designer-slider	B	1	confirmed	leaf in every rule
PART	TaskbarDesigner	designer-tint	B	0	confirmed	leaf in every rule
PART	TaskbarDesigner	designer-value	B	2	confirmed	leaf in every rule
PART	TaskbarDesigner	taskbar-designer	B	1	confirmed	a rule selects through it (1)
PART	TaskbarPreviews	placing	C	3	confirmed	state adjective
PART	TextControl	text	B	2	confirmed	a rule selects through it (1)
PART	TextEditor	active	C	3	confirmed	state adjective
PART	TextEditor	caret	B	0	confirmed	leaf in every rule
PART	TextEditor	code-actions	B	1	confirmed	a rule selects through it (1)
PART	TextEditor	collapsed	C	4	confirmed	state adjective
PART	TextEditor	current-line	B	0	confirmed	leaf in every rule
PART	TextEditor	diff-added	B	3	confirmed	leaf in every rule
PART	TextEditor	diff-band	B	7	confirmed	leaf in every rule
PART	TextEditor	diff-changed	B	3	confirmed	leaf in every rule
PART	TextEditor	diff-chevron	B	1	confirmed	leaf in every rule
PART	TextEditor	diff-mark	B	4	confirmed	leaf in every rule
PART	TextEditor	diff-removed	B	3	confirmed	leaf in every rule
PART	TextEditor	diff-thin	B	3	confirmed	leaf in every rule
PART	TextEditor	fold	B	0	confirmed	leaf in every rule
PART	TextEditor	fold-column	B	0	confirmed	leaf in every rule
PART	TextEditor	fold-placeholder	B	0	confirmed	leaf in every rule
PART	TextEditor	gutter	B	0	confirmed	leaf in every rule
PART	TextEditor	gutter-edge	B	0	confirmed	leaf in every rule
PART	TextEditor	gutter-right	B	0	confirmed	leaf in every rule
PART	TextEditor	indent-guide	B	0	confirmed	leaf in every rule
PART	TextEditor	line	B	0	confirmed	leaf in every rule
PART	TextEditor	line-number	B	0	confirmed	leaf in every rule
PART	TextEditor	preferred-action	C	1	confirmed	state adjective
PART	TextEditor	ruler	B	0	confirmed	leaf in every rule
PART	TextEditor	scroll-layer	B	0	confirmed	leaf in every rule
PART	TextEditor	selection	B	0	confirmed	leaf in every rule
PART	TextEditor	shown	C	0	confirmed	state adjective
PART	TextEditor	text-viewport	B	0	confirmed	leaf in every rule
PART	TextEditor	whitespace	B	0	confirmed	leaf in every rule
PART	TextEditor	zoom-indicator	B	0	confirmed	leaf in every rule
PART	TextEditor	zoom-label	B	0	confirmed	leaf in every rule
PART	TextEditor	zoom-reset	B	0	confirmed	leaf in every rule
PART	ToolWindowFrame	dock	A	2	confirmed	leaf in every rule, scoped by an ancestor in 2
PART	ToolWindowFrame	floating	C	0	confirmed	state adjective
PART	ToolWindowFrame	tool-window	B	10	confirmed	a rule selects through it (9)
PART	ToolWindowFrame	windowed	C	0	confirmed	state adjective
PART	Tooltip	label	A	0	confirmed	leaf in every rule
PART	TreeSearch	dimmed	C	1	confirmed	state adjective
PART	TreeSearch	find-bar	B	32	confirmed	a rule selects through it (31)
PART	TreeSearch	find-close	B	2	confirmed	leaf in every rule, scoped by an ancestor in 2
PART	TreeSearch	find-count	B	2	confirmed	leaf in every rule, scoped by an ancestor in 2
PART	TreeSearch	find-input	B	1	confirmed	leaf in every rule, scoped by an ancestor in 1
PART	TreeSearch	find-mode	B	3	confirmed	leaf in every rule, scoped by an ancestor in 3
PART	TreeSearch	find-next	B	5	confirmed	leaf in every rule, scoped by an ancestor in 5
PART	TreeSearch	find-prev	B	5	confirmed	leaf in every rule, scoped by an ancestor in 5
PART	TreeSearch	match	C	2	confirmed	state adjective
PART	TreeSearch	off	C	2	confirmed	state adjective
PART	TreeSearch	on	C	3	confirmed	state adjective
PART	TreeSearch	option-match-case	B	1	confirmed	leaf in every rule
PART	TreeSearch	option-regex	B	1	confirmed	leaf in every rule
PART	TreeSearch	option-words	B	1	confirmed	leaf in every rule
PART	TreeSearch	search-option	B	4	confirmed	leaf in every rule
PART	TreeSearch	searching	C	0	confirmed	state adjective
PART	TreeView	collapsed	C	4	confirmed	state adjective
PART	TreeView	expanded	C	0	confirmed	state adjective
PART	TreeView	leaf	C	0	confirmed	state adjective
PART	UIElement	resizer	A	1	proposed	leaf in every rule
PART	UIElement	user-sized-height	B	1	proposed	a rule selects through it (1)
PART	UIElement	user-sized-width	B	2	proposed	a rule selects through it (1)
PART	UINode	user-sized-height	B	1	proposed	a rule selects through it (1)
PART	UINode	user-sized-width	B	2	proposed	a rule selects through it (1)
PART	UIText	syntax	C	54	confirmed	leaf in every rule
PART	UIWindow	overlays	A	0	proposed	leaf in every rule
PART	VectorControl	axis	B	1	confirmed	leaf in every rule, scoped by an ancestor in 1
PART	VectorControl	vector	B	4	confirmed	a rule selects through it (3)
PART	VectorControl	vector-cell	B	2	confirmed	leaf in every rule, scoped by an ancestor in 2
PART	ViewContainer	content	A	0	confirmed	leaf in every rule
PART	ViewContainer	header	B	3	confirmed	a rule selects through it (2)
PART	ViewContainer	hide	B	4	confirmed	a rule selects through it (1)
PART	ViewContainer	panel-header	B	5	confirmed	a rule selects through it (4)
PART	ViewContainer	title	A	2	confirmed	leaf in every rule, scoped by an ancestor in 2
PART	ViewContainer	view-container	B	4	confirmed	a rule selects through it (3)
PART	ViewContainer	view-content	B	6	confirmed	a rule selects through it (4)
PART	WindowFrame	active	C	3	confirmed	state adjective
PART	WindowFrame	caption-adopted	C	2	confirmed	state adjective
PART	WindowFrame	caption-chrome	B	2	confirmed	leaf in every rule, scoped by an ancestor in 2
PART	WindowFrame	close	B	7	confirmed	a rule selects through it (1)
PART	WindowFrame	content	B	1	confirmed	leaf in every rule, scoped by an ancestor in 1
PART	WindowFrame	controls	B	2	confirmed	a rule selects through it (1)
PART	WindowFrame	fullscreen	C	1	confirmed	state adjective
PART	WindowFrame	hud	C	0	confirmed	state adjective
PART	WindowFrame	icon	B	1	confirmed	leaf in every rule, scoped by an ancestor in 1
PART	WindowFrame	maximize	B	5	confirmed	leaf in every rule, scoped by an ancestor in 5
PART	WindowFrame	maximized	C	2	confirmed	state adjective
PART	WindowFrame	minimize	B	3	confirmed	leaf in every rule, scoped by an ancestor in 3
PART	WindowFrame	overlays	B	0	confirmed	leaf in every rule
PART	WindowFrame	pin	B	5	confirmed	leaf in every rule, scoped by an ancestor in 5
PART	WindowFrame	pinned	C	1	confirmed	state adjective
PART	WindowFrame	title	B	1	confirmed	leaf in every rule, scoped by an ancestor in 1
PART	WindowFrame	title-bar	B	28	confirmed	a rule selects through it (24)
PART	WindowFrame	window	B	35	confirmed	a rule selects through it (31)
PART	WindowIcon	branded	C	1	confirmed	state adjective
PART	WindowIcon	monogram	A	1	confirmed	leaf in every rule, scoped by an ancestor in 1
PART	WindowIcon	tile-mono	A	1	confirmed	leaf in every rule
PART	WindowIcon	window-icon	B	11	confirmed	a rule selects through it (1)
PART	WindowKeyboardMove	keyboard-moving	C	0	confirmed	state adjective
PART	WindowPreview	pre-icon	B	2	confirmed	a rule selects through it (1)
PART	WindowPreview	preview-close	B	3	confirmed	leaf in every rule, scoped by an ancestor in 3
PART	WindowPreview	preview-header	B	1	confirmed	leaf in every rule, scoped by an ancestor in 1
PART	WindowPreview	preview-title	B	1	confirmed	leaf in every rule, scoped by an ancestor in 1
PART	WindowPreview	window-preview	B	14	confirmed	a rule selects through it (11)
PART	WindowSwitcher	icon	B	2	confirmed	a rule selects through it (1)
PART	WindowSwitcher	selected	C	7	confirmed	state adjective
PART	WindowSwitcher	switcher-close	B	4	confirmed	leaf in every rule, scoped by an ancestor in 4
PART	WindowSwitcher	switcher-entry	B	13	confirmed	a rule selects through it (10)
PART	WindowSwitcher	switcher-header	B	1	confirmed	leaf in every rule, scoped by an ancestor in 1
PART	WindowSwitcher	switcher-panel	B	2	confirmed	a rule selects through it (1)
PART	WindowSwitcher	switcher-title	B	1	confirmed	leaf in every rule
PART	WindowSwitcher	window-switcher	B	2	confirmed	a rule selects through it (1)
PART	WindowThumbnail	placeholder	B	4	confirmed	a rule selects through it (2)
PART	WindowThumbnail	thumbnail	B	0	confirmed	leaf in every rule
PART	Workbench	content	A	0	confirmed	leaf in every rule
PART	Workbench	dock	A	0	confirmed	leaf in every rule
PART	Workbench	file-editor	A	1	confirmed	leaf in every rule
PART	Workbench	missing	C	0	confirmed	state adjective
PART	Workbench	viewer	A	0	confirmed	leaf in every rule
PART	Workbench	workbench-content	A	0	confirmed	leaf in every rule
PART	WorkbenchRegions	workbench-centre	A	1	confirmed	leaf in every rule
PART	WorkbenchRegions	workbench-regions	A	0	confirmed	leaf in every rule
PART	WorkbenchRegions	workbench-split	A	1	confirmed	leaf in every rule
